id,pet,frequency,problems_answered,hair,edge,noise,wash,satisfaction,support,support_score,recommend,before,after
SIM001,1,1,0,,,,,,1,,,2,
SIM002,1,2,1,1,1,0,1,2,0,,4,3,4
SIM003,1,1,1,1,0,0,0,4,0,,5,4,5
SIM004,1,2,1,1,0,0,1,1,0,,8,4,4
SIM005,1,1,1,1,0,0,1,4,1,2,4,3,3
SIM006,1,3,1,1,0,0,1,2,0,,0,1,2
SIM007,1,1,1,1,1,0,0,5,0,,5,4,5
SIM008,1,3,1,1,0,0,0,4,0,,1,3,4
SIM009,1,3,1,1,1,0,0,2,1,5,8,2,3
SIM010,1,1,1,1,0,0,1,1,0,,7,4,5
SIM011,1,2,1,1,1,0,1,1,0,,8,2,2
SIM012,1,2,1,1,1,0,0,3,0,,0,5,5
SIM013,1,3,1,1,1,0,0,3,1,2,10,1,2
SIM014,1,3,1,1,0,0,0,3,0,,7,3,3
SIM015,1,3,1,1,0,0,0,1,0,,0,5,5
SIM016,1,2,1,1,1,0,0,4,0,,7,4,5
SIM017,1,3,1,1,0,0,1,3,1,2,8,1,1
SIM018,1,2,1,1,0,0,1,4,0,,0,3,4
SIM019,1,3,1,1,1,0,1,1,0,,9,4,4
SIM020,1,3,1,1,0,1,0,3,0,,8,3,4
SIM021,1,2,0,,,,,1,1,2,10,2,3
SIM022,1,2,1,1,0,0,0,2,0,,6,4,5
SIM023,1,2,1,0,0,0,1,4,0,,8,3,4
SIM024,1,3,1,1,1,0,0,3,0,,6,5,
SIM025,1,3,1,0,0,1,0,4,1,5,8,3,4
SIM026,1,3,1,0,0,0,1,2,0,,6,4,4
SIM027,1,1,1,0,1,0,0,1,0,,8,3,4
SIM028,1,2,1,1,1,1,0,5,0,,8,2,2
SIM029,1,3,1,0,0,0,0,4,1,2,10,2,2
SIM030,1,3,1,0,0,0,1,5,0,,,3,3
SIM031,1,3,1,1,0,0,1,2,0,,7,2,2
SIM032,1,3,1,1,1,1,0,,0,,1,3,3
SIM033,1,3,1,1,1,0,0,4,1,2,8,4,4
SIM034,1,3,1,1,0,0,0,2,0,,6,3,4
SIM035,1,3,1,0,0,0,1,1,0,,9,3,4
SIM036,1,2,1,0,1,0,0,4,0,,8,2,3
SIM037,1,3,1,1,0,0,1,5,1,3,6,2,3
SIM038,1,1,1,0,0,0,0,2,0,,8,2,1
SIM039,1,3,1,1,1,0,1,3,0,,7,5,5
SIM040,1,2,1,1,0,0,0,4,0,,4,3,3
SIM041,1,3,0,,,,,3,1,3,7,1,1
SIM042,1,2,1,0,1,1,1,4,0,,6,3,3
SIM043,1,1,1,0,0,0,1,4,0,,7,2,3
SIM044,1,2,1,1,1,1,0,5,0,,7,5,5
SIM045,1,3,1,1,0,0,1,2,1,,9,2,2
SIM046,1,2,1,0,1,0,1,3,0,,8,1,1
SIM047,1,2,1,1,1,0,0,4,0,,8,1,
SIM048,1,3,1,1,0,1,1,1,0,,6,5,4
SIM049,1,3,1,0,1,1,1,3,1,5,9,4,4
SIM050,1,3,1,1,0,0,1,3,0,,3,3,4
SIM051,1,3,1,0,1,0,1,1,0,,2,1,1
SIM052,1,3,1,1,0,1,0,2,0,,2,4,4
SIM053,1,1,1,1,0,0,1,5,1,5,5,3,4
SIM054,1,1,1,1,0,0,0,2,0,,4,1,2
SIM055,1,3,1,1,0,0,0,3,0,,3,3,4
SIM056,1,3,1,0,0,0,0,5,0,,5,1,1
SIM057,1,1,1,1,0,0,0,1,1,4,7,2,3
SIM058,1,3,1,1,1,0,1,4,0,,2,4,4
SIM059,1,2,1,1,1,1,1,5,0,,,2,2
SIM060,1,3,1,0,0,1,1,4,0,,7,3,5
SIM061,0,1,0,,,,,2,1,2,6,5,5
SIM062,0,1,1,1,1,0,0,3,0,,7,4,5
SIM063,0,2,1,0,0,0,0,,0,,7,2,3
SIM064,0,1,1,0,0,1,0,1,0,,8,3,4
SIM065,0,2,1,0,0,0,0,4,1,2,8,5,5
SIM066,0,3,1,0,1,0,0,4,0,,5,3,4
SIM067,0,1,1,0,0,1,0,1,0,,5,3,4
SIM068,0,1,1,0,0,0,0,5,0,,5,2,2
SIM069,0,1,1,0,0,0,0,5,1,2,10,2,4
SIM070,0,3,1,0,1,0,0,5,0,,7,4,
SIM071,0,1,1,0,1,1,1,4,0,,7,4,4
SIM072,0,2,1,0,0,1,0,5,0,,4,1,1
SIM073,0,2,1,0,0,0,1,4,1,4,5,1,2
SIM074,0,1,1,0,0,0,0,3,0,,7,3,4
SIM075,0,1,1,1,1,0,1,4,0,,3,4,5
SIM076,0,3,1,0,1,0,0,4,0,,4,3,4
SIM077,0,3,1,0,0,0,0,4,1,3,4,3,5
SIM078,0,1,1,0,0,0,0,3,0,,5,3,3
SIM079,0,1,1,0,1,1,1,5,0,,4,1,1
SIM080,0,1,1,1,0,0,0,4,0,,3,1,1
SIM081,0,2,0,,,,,3,1,5,9,3,5
SIM082,0,3,1,1,1,0,0,3,0,,8,4,3
SIM083,0,2,1,1,1,0,1,4,0,,7,2,1
SIM084,0,2,1,0,0,0,0,4,0,,8,3,4
SIM085,0,2,1,0,1,0,0,5,1,3,4,3,4
SIM086,0,3,1,1,0,0,1,4,0,,5,3,3
SIM087,0,2,1,1,1,1,0,3,0,,3,3,4
SIM088,0,3,1,0,1,1,0,5,0,,,1,1
SIM089,0,2,1,0,0,0,0,5,1,5,7,5,5
SIM090,0,2,1,0,0,0,1,2,0,,9,2,2
SIM091,0,3,1,0,1,0,0,4,0,,9,2,2
SIM092,0,2,1,1,0,0,0,5,0,,2,4,3
SIM093,0,2,1,0,0,0,0,4,1,3,6,3,
SIM094,0,1,1,0,1,0,0,,0,,4,4,5
SIM095,0,2,1,0,0,0,0,1,0,,3,4,5
SIM096,0,1,1,0,0,0,1,4,0,,0,2,3
SIM097,0,2,1,0,1,1,0,5,1,5,5,3,5
SIM098,0,2,1,1,0,0,0,1,0,,9,3,2
SIM099,0,1,1,0,0,0,0,3,0,,8,3,5
SIM100,0,1,1,0,0,0,0,3,0,,7,3,3
SIM101,0,2,0,,,,,2,1,5,3,1,1
SIM102,0,2,1,0,1,0,0,4,0,,6,2,3
SIM103,0,2,1,0,0,1,0,3,0,,10,3,3
SIM104,0,2,1,0,1,0,1,3,0,,1,2,2
SIM105,0,2,1,0,0,0,0,4,1,3,7,3,4
SIM106,0,2,1,0,0,0,0,5,0,,10,4,4
SIM107,0,2,1,0,0,0,0,2,0,,10,3,4
SIM108,0,3,1,0,0,0,0,3,0,,5,4,4
SIM109,0,2,1,1,0,0,1,5,1,5,9,5,5
SIM110,0,2,1,1,0,1,0,4,0,,4,4,5
SIM111,0,2,1,0,0,1,1,3,0,,8,2,3
SIM112,0,3,1,1,0,0,0,5,0,,8,3,4
SIM113,0,1,1,0,1,1,0,5,1,5,6,3,3
SIM114,0,1,1,0,0,0,0,1,0,,3,3,3
SIM115,0,1,1,0,0,1,0,4,0,,5,1,1
SIM116,0,2,1,0,0,0,0,1,0,,9,2,
SIM117,0,1,1,0,1,0,0,4,1,3,,3,3
SIM118,0,2,1,1,0,0,0,4,0,,9,3,4
SIM119,0,3,1,0,0,0,0,4,0,,8,2,2
SIM120,0,1,1,1,1,0,0,4,0,,8,3,4
